<ui>
    <menubar>
     <menu name="FileMenu" action="File">
       <menuitem name="New" action="NewFile" />
       <menuitem name="Open" action="OpenFile" />
       <menuitem name="Save" action="SaveFile" />
       <menuitem name="SaveAs" action="SaveFileAs" />
       <separator/>
       <menuitem name="Export as..." action="ToPNG" />
       <separator/>
       <menuitem name="Quit" action="Quit" />
     </menu>
     <menu name="EditMenu" action="Edit">
       <menuitem name="undo" action="Undo" />
       <menuitem name="redo" action="Redo" />
       <menuitem name="clone" action="CloneObj" />
       <menuitem name="delete" action="DeleteObj" />
       <menuitem name="fliph" action="FlipHObj" />
       <menuitem name="flipv" action="FlipVObj" />
       <menuitem name="orderup" action="OrderUpObj" />
       <menuitem name="orderdown" action="OrderDownObj" />
     </menu>
     <menu name="HelpMenu" action="Help">
         <menuitem name="Tutorial" action="Tutorial" />
         <menuitem name="About" action="About" />
     </menu>
    </menubar>
</ui>

